Date,HomeTeam,AwayTeam,FTR,B365H,B365D,B365A,FormH,FormA,PositionH,PositionA,HS,AS,HST,AST
18/08/12,Arsenal,Sunderland,D,1.4,4.5,8.5,,,,,14,3,4,2
18/08/12,Fulham,Norwich,H,1.8,3.6,4.5,,,,,11,4,9,2
18/08/12,Newcastle,Tottenham,H,2.5,3.4,2.75,,,,,6,12,4,6
18/08/12,QPR,Swansea,A,2,3.4,3.8,,,,,20,12,11,8
18/08/12,Reading,Stoke,D,2.38,3.25,3.1,,,,,9,6,3,3
18/08/12,West Brom,Liverpool,H,4.2,3.5,1.91,,,,,15,14,10,7
18/08/12,West Ham,Aston Villa,H,2.2,3.3,3.4,,,,,8,10,4,6
19/08/12,Man City,Southampton,H,1.17,7,17,,,,,20,9,15,6
19/08/12,Wigan,Chelsea,A,6,3.75,1.62,,,,,12,5,4,3
20/08/12,Everton,Man United,H,4.33,3.6,1.83,,,,,16,12,7,7
22/08/12,Chelsea,Reading,H,1.25,5.5,13,,,,,23,7,11,5
25/08/12,Aston Villa,Everton,A,2.9,3.4,2.4,,,,,7,19,3,11
25/08/12,Chelsea,Newcastle,H,1.5,4.33,6.5,,,,,11,11,6,5
25/08/12,Man United,Fulham,H,1.29,5.5,11,,,,,20,14,11,11
25/08/12,Norwich,QPR,D,2.25,3.4,3.2,,,,,13,6,4,4
25/08/12,Southampton,Wigan,A,2.1,3.4,3.5,,,,,14,12,9,8
25/08/12,Swansea,West Ham,H,2.1,3.3,3.6,,,,,10,7,7,6
25/08/12,Tottenham,West Brom,D,1.5,4.33,6.5,,,,,18,10,10,5
26/08/12,Liverpool,Man City,D,3.1,3.4,2.3,,,,,15,11,8,5
26/08/12,Stoke,Arsenal,D,3.5,3.4,2.1,,,,,7,16,4,6
1/9/2012,Man City,QPR,H,1.18,7,15,,,,,19,9,12,5
1/9/2012,Swansea,Sunderland,D,2.2,3.3,3.4,,,,,14,4,10,3
1/9/2012,Tottenham,Norwich,D,1.36,5,8.5,,,,,15,10,9,4
1/9/2012,West Brom,Everton,H,3,3.3,2.38,,,,,14,12,8,5
1/9/2012,West Ham,Fulham,H,2.5,3.25,2.88,,,,,17,14,12,13
1/9/2012,Wigan,Stoke,D,2.25,3.25,3.3,,,,,9,16,5,8
2/9/2012,Liverpool,Arsenal,A,2,3.5,3.75,,,,,17,11,8,7
2/9/2012,Newcastle,Aston Villa,D,1.62,3.75,6,,,,,16,13,6,9
2/9/2012,Southampton,Man United,A,6,4.2,1.53,,,,,15,18,8,9
15/09/12,Arsenal,Southampton,H,1.36,5,8.5,,,,,20,9,12,4
15/09/12,Aston Villa,Swansea,H,2.38,3.25,3.1,,,,,17,10,13,5
15/09/12,Fulham,West Brom,H,2.1,3.4,3.5,,,,,23,10,14,8
15/09/12,Man United,Wigan,H,1.25,6,12,,,,,17,8,10,4
15/09/12,Norwich,West Ham,D,2.38,3.4,3,,,,,20,9,14,4
15/09/12,QPR,Chelsea,D,4.5,3.5,1.83,,,,,10,13,6,9
15/09/12,Stoke,Man City,D,5,3.6,1.73,,,,,4,15,3,11
15/09/12,Sunderland,Liverpool,D,3.4,3.3,2.2,,,,,6,20,4,9
16/09/12,Reading,Tottenham,A,3.75,3.5,2,,,,,4,22,2,11
17/09/12,Everton,Newcastle,D,1.73,3.6,5,,,,,17,11,10,7
22/09/12,Chelsea,Stoke,H,1.36,4.75,9,,,,,17,13,9,6
22/09/12,Southampton,Aston Villa,H,2.4,3.3,3,,,,,12,8,4,2
22/09/12,Swansea,Everton,A,3,3.3,2.4,,,,,18,30,11,19
22/09/12,West Brom,Reading,H,1.73,3.75,4.75,,,,,9,8,4,1
22/09/12,West Ham,Sunderland,D,2.1,3.3,3.6,,,,,20,4,11,2
22/09/12,Wigan,Fulham,A,2.4,3.3,3,,,,,18,12,9,9
23/09/12,Liverpool,Man United,A,2.7,3.3,2.63,,,,,13,8,8,4
23/09/12,Man City,Arsenal,D,1.75,3.6,4.75,,,,,14,10,10,4
23/09/12,Newcastle,Norwich,H,1.8,3.6,4.5,,,,,16,8,8,3
23/09/12,Tottenham,QPR,H,1.44,4.33,7.5,,,,,18,9,14,6
29/09/12,Arsenal,Chelsea,A,2.1,3.4,3.5,,,,,14,10,5,5
29/09/12,Everton,Southampton,H,1.4,4.75,8,,,,,17,8,9,2
29/09/12,Fulham,Man City,A,4.33,3.6,1.83,,,,,7,21,3,12
29/09/12,Man United,Tottenham,A,1.57,4,6,,,,,15,10,8,6
29/09/12,Norwich,Liverpool,A,4.75,3.75,1.73,,,,,10,10,7,6
29/09/12,Reading,Newcastle,D,2.88,3.3,2.5,,,,,14,8,7,3
29/09/12,Stoke,Swansea,H,1.91,3.4,4.2,,,,,10,8,5,0
29/09/12,Sunderland,Wigan,H,2,3.4,3.8,,,,,11,8,6,3
30/09/12,Aston Villa,West Brom,D,2.4,3.3,3,,,,,19,14,8,7
1/10/2012,QPR,West Ham,A,2.05,3.4,3.75,,,,,13,17,9,10
6/10/2012,Chelsea,Norwich,H,1.22,6.5,12,,,,,20,7,13,4
6/10/2012,Man City,Sunderland,H,1.29,5.5,11,,,,,26,8,16,6
6/10/2012,Swansea,Reading,D,1.91,3.6,4,,,,,25,8,16,6
6/10/2012,West Brom,QPR,H,1.83,3.75,4.2,,,,,13,13,8,6
6/10/2012,West Ham,Arsenal,A,4,3.6,1.91,,,,,7,20,3,14
6/10/2012,Wigan,Everton,D,4.2,3.4,1.91,,,,,10,16,6,11
7/10/2012,Liverpool,Stoke,D,1.44,4.33,7.5,,,,,16,5,5,3
7/10/2012,Newcastle,Man United,A,4.2,3.75,1.83,,,,,13,12,3,9
7/10/2012,Southampton,Fulham,D,2.75,3.3,2.6,,,,,13,14,6,5
7/10/2012,Tottenham,Aston Villa,H,1.44,4.33,7.5,,,,,23,8,10,5
20/10/12,Fulham,Aston Villa,H,1.8,3.6,4.5,,,,,17,9,8,4
20/10/12,Liverpool,Reading,H,1.33,5,10,,,,,23,8,13,5
20/10/12,Man United,Stoke,H,1.29,5.5,11,,,,,13,8,8,6
20/10/12,Norwich,Arsenal,H,6,4.2,1.53,,,,,7,13,3,7
20/10/12,Swansea,Wigan,H,2.1,3.4,3.5,,,,,18,10,11,7
20/10/12,Tottenham,Chelsea,A,2.5,3.4,2.75,,,,,23,11,16,7
20/10/12,West Brom,Man City,A,5,3.75,1.7,,,,,16,21,8,13
20/10/12,West Ham,Southampton,H,1.83,3.75,4.2,,,,,9,11,8,4
21/10/12,QPR,Everton,D,3.25,3.4,2.2,,,,,14,10,6,4
21/10/12,Sunderland,Newcastle,D,2.5,3.3,2.88,,,,,16,10,6,7
27/10/12,Arsenal,QPR,H,1.36,5,8.5,,,,,21,4,11,3
27/10/12,Aston Villa,Norwich,D,2,3.5,3.75,,,,,7,14,5,6
27/10/12,Man City,Swansea,H,1.22,6,15,,,,,10,9,5,5
27/10/12,Reading,Fulham,D,2.75,3.4,2.5,,,,,15,16,9,8
27/10/12,Stoke,Sunderland,D,1.95,3.3,4.2,,,,,11,6,6,3
27/10/12,Wigan,West Ham,H,2.25,3.4,3.2,,,,,17,15,13,11
28/10/12,Chelsea,Man United,A,2.4,3.4,2.9,,,,,14,15,11,7
28/10/12,Everton,Liverpool,D,2.6,3.3,2.75,,,,,17,12,8,5
28/10/12,Newcastle,West Brom,H,2,3.5,3.75,,,,,10,8,6,4
28/10/12,Southampton,Tottenham,A,4.2,3.75,1.83,,,,,11,11,6,4
3/11/2012,Fulham,Everton,D,2.75,3.4,2.5,,,,,8,26,5,15
3/11/2012,Man United,Arsenal,H,1.7,3.8,5,,,,,11,7,7,3
3/11/2012,Norwich,Stoke,H,2.6,3.3,2.75,,,,,12,8,8,3
3/11/2012,Sunderland,Aston Villa,A,2.1,3.3,3.6,,,,,11,9,1,6
3/11/2012,Swansea,Chelsea,D,4.5,3.6,1.8,,,,,9,11,7,7
3/11/2012,Tottenham,Wigan,A,1.5,4.33,6.5,,,,,13,7,10,4
3/11/2012,West Ham,Man City,D,5,3.8,1.7,,,,,6,18,1,8
4/11/2012,Liverpool,Newcastle,D,1.57,4,6,,,,,20,10,12,3
4/11/2012,QPR,Reading,D,1.8,3.6,4.5,,,,,23,18,12,8
5/11/2012,West Brom,Southampton,H,1.73,3.75,4.75,,,,,16,9,6,5
10/11/2012,Arsenal,Fulham,D,1.53,4.2,6,,,,,15,9,9,5
10/11/2012,Aston Villa,Man United,A,7,4.5,1.44,,,,,10,16,7,7
10/11/2012,Everton,Sunderland,H,1.44,4.2,8,,,,,16,6,10,4
10/11/2012,Reading,Norwich,D,2.25,3.4,3.2,,,,,7,10,3,3
10/11/2012,Southampton,Swansea,D,2.38,3.5,2.88,,,,,11,5,5,3
10/11/2012,Stoke,QPR,H,1.91,3.4,4.2,,,,,10,17,5,8
10/11/2012,Wigan,West Brom,A,2.3,3.4,3.1,,,,,14,7,6,4
11/11/2012,Chelsea,Liverpool,D,1.95,3.5,4,,,,,12,9,3,5
11/11/2012,Man City,Tottenham,H,1.57,4,6,,,,,16,6,8,2
11/11/2012,Newcastle,West Ham,A,1.95,3.6,3.8,,,,,14,10,9,5
17/11/12,Arsenal,Tottenham,H,1.91,3.75,3.8,,,,,13,6,10,4
17/11/12,Liverpool,Wigan,H,1.44,4.33,7.5,,,,,22,9,11,3
17/11/12,Man City,Aston Villa,H,1.2,6.5,15,,,,,21,10,8,8
17/11/12,Newcastle,Swansea,A,1.91,3.6,4,,,,,27,15,10,9
17/11/12,Norwich,Man United,H,7,4.5,1.44,,,,,10,12,5,9
17/11/12,QPR,Southampton,A,1.91,3.6,4,,,,,13,21,7,15
17/11/12,Reading,Everton,H,4.33,3.6,1.83,,,,,12,21,4,11
17/11/12,West Brom,Chelsea,H,3.75,3.5,2,,,,,8,19,6,12
18/11/12,Fulham,Sunderland,A,1.67,3.75,5.25,,,,,18,12,13,9
19/11/12,West Ham,Stoke,D,2,3.4,3.8,,,,,16,12,11,6
24/11/12,Aston Villa,Arsenal,D,4.75,3.75,1.73,,,,,10,13,8,6
24/11/12,Everton,Norwich,D,1.44,4.33,7.5,,,,,14,8,9,4
24/11/12,Man United,QPR,H,1.17,7.5,15,,,,,15,10,10,6
24/11/12,Stoke,Fulham,H,2.2,3.3,3.4,,,,,12,8,3,5
24/11/12,Sunderland,West Brom,A,2.5,3.3,2.88,,,,,19,11,12,6
24/11/12,Wigan,Reading,H,1.83,3.6,4.33,,,,,19,16,11,10
25/11/12,Chelsea,Man City,D,2.5,3.5,2.7,,,,,5,11,1,7
25/11/12,Southampton,Newcastle,H,2.3,3.5,3,,,,,17,8,10,3
25/11/12,Swansea,Liverpool,D,3.4,3.5,2.1,,,,,17,21,8,14
25/11/12,Tottenham,West Ham,H,1.67,3.75,5.5,,,,,25,10,13,6
27/11/12,Aston Villa,Reading,H,1.95,3.4,4,,,,,15,11,7,6
27/11/12,Sunderland,QPR,D,2.25,3.25,3.3,,,,,13,13,8,9
28/11/12,Chelsea,Fulham,D,1.44,4.5,7,,,,,17,8,13,7
28/11/12,Everton,Arsenal,D,2.5,3.4,2.75,,,,,14,12,10,9
28/11/12,Man United,West Ham,H,1.22,6.5,12,,,,,23,9,13,3
28/11/12,Southampton,Norwich,D,2,3.4,3.8,,,,,8,9,2,5
28/11/12,Stoke,Newcastle,H,1.91,3.4,4.2,,,,,11,7,5,6
28/11/12,Swansea,West Brom,H,2.3,3.4,3.1,,,,,13,6,8,2
28/11/12,Tottenham,Liverpool,H,2.4,3.4,2.88,,,,,14,14,7,9
28/11/12,Wigan,Man City,A,6,4.2,1.53,,,,,9,15,4,6
1/12/2012,Arsenal,Swansea,A,1.44,4.5,7,,,,,10,12,8,10
1/12/2012,Fulham,Tottenham,A,2.88,3.3,2.5,,,,,8,10,2,6
1/12/2012,Liverpool,Southampton,H,1.4,4.5,8.5,,,,,24,8,11,4
1/12/2012,Man City,Everton,D,1.5,4,7,,,,,9,8,6,5
1/12/2012,QPR,Aston Villa,D,1.95,3.5,4,,,,,17,7,12,3
1/12/2012,Reading,Man United,A,7.5,4.75,1.4,,,,,10,10,7,5
1/12/2012,West Brom,Stoke,A,2.1,3.25,3.75,,,,,14,6,11,4
1/12/2012,West Ham,Chelsea,H,4,3.5,1.91,,,,,16,16,13,9
2/12/2012,Norwich,Sunderland,H,2.1,3.3,3.6,,,,,7,16,5,6
3/12/2012,Newcastle,Wigan,H,2,3.4,3.75,,,,,16,9,8,4
8/12/2012,Arsenal,West Brom,H,1.5,4.33,6.5,,,,,16,7,7,2
8/12/2012,Aston Villa,Stoke,D,2.4,3.2,3.1,,,,,9,1,5,0
8/12/2012,Southampton,Reading,H,1.91,3.6,4,,,,,18,6,9,2
8/12/2012,Sunderland,Chelsea,A,4.75,3.5,1.8,,,,,14,11,10,5
8/12/2012,Swansea,Norwich,A,1.8,3.6,4.5,,,,,21,10,10,8
8/12/2012,Wigan,QPR,D,2.3,3.4,3.1,,,,,14,8,9,4
9/12/2012,Everton,Tottenham,H,2,3.5,3.75,,,,,17,8,11,6
9/12/2012,Man City,Man United,A,2.2,3.5,3.2,,,,,16,8,11,3
9/12/2012,West Ham,Liverpool,A,3,3.3,2.38,,,,,9,16,6,8
10/12/2012,Fulham,Newcastle,H,1.91,3.6,4,,,,,16,20,7,13
11/12/2012,Sunderland,Reading,H,2,3.5,3.75,,,,,16,12,11,5
15/12/12,Liverpool,Aston Villa,A,1.36,4.75,9,,,,,26,9,17,6
15/12/12,Man United,Sunderland,H,1.2,6.5,15,,,,,15,13,6,10
15/12/12,Newcastle,Man City,A,5.5,3.75,1.67,,,,,17,16,8,10
15/12/12,Norwich,Wigan,H,2.2,3.4,3.25,,,,,16,12,10,6
15/12/12,QPR,Fulham,H,2.4,3.4,2.88,,,,,19,6,9,3
15/12/12,Stoke,Everton,D,3.1,3.2,2.4,,,,,14,9,8,5
16/12/12,Tottenham,Swansea,H,1.62,4,5.5,,,,,24,4,16,0
16/12/12,West Brom,West Ham,D,2,3.5,3.75,,,,,19,10,10,2
17/12/12,Reading,Arsenal,A,5.5,4,1.62,,,,,7,25,5,17
22/12/12,Liverpool,Fulham,H,1.53,4,6.5,,,,,22,7,12,6
22/12/12,Man City,Reading,H,1.14,8,19,,,,,17,6,10,1
22/12/12,Newcastle,QPR,H,2.1,3.4,3.5,,,,,18,5,8,4
22/12/12,Southampton,Sunderland,A,2,3.5,3.75,,,,,13,10,7,6
22/12/12,Tottenham,Stoke,D,1.62,3.75,6,,,,,21,4,14,2
22/12/12,West Brom,Norwich,H,1.91,3.6,4,,,,,12,10,8,4
22/12/12,West Ham,Everton,A,2.88,3.25,2.5,,,,,6,15,5,8
22/12/12,Wigan,Arsenal,A,4.75,3.75,1.73,,,,,13,10,5,8
23/12/12,Chelsea,Aston Villa,H,1.33,5.5,8.5,,,,,24,7,18,4
23/12/12,Swansea,Man United,D,5,4,1.67,,,,,14,19,10,16
26/12/12,Aston Villa,Tottenham,A,3.75,3.5,2,,,,,4,20,1,16
26/12/12,Everton,Wigan,H,1.44,4.5,7,,,,,17,10,9,6
26/12/12,Fulham,Southampton,D,1.85,3.6,4.2,,,,,10,7,2,3
26/12/12,Man United,Newcastle,H,1.22,6.5,13,,,,,16,16,10,11
26/12/12,Norwich,Chelsea,A,6,3.75,1.62,,,,,8,20,4,11
26/12/12,QPR,West Brom,A,2.2,3.4,3.25,,,,,18,12,8,6
26/12/12,Reading,Swansea,D,2.9,3.4,2.38,,,,,3,10,2,4
26/12/12,Stoke,Liverpool,H,3.4,3.2,2.25,,,,,7,12,6,6
26/12/12,Sunderland,Man City,H,6.5,4,1.53,,,,,12,19,6,12
29/12/12,Arsenal,Newcastle,H,1.44,4.5,7,,,,,16,10,12,8
29/12/12,Aston Villa,Wigan,A,2.4,3.25,3,,,,,11,9,4,6
29/12/12,Fulham,Swansea,A,2.1,3.4,3.5,,,,,22,10,13,9
29/12/12,Man United,West Brom,H,1.3,5.5,10,,,,,17,13,14,9
29/12/12,Norwich,Man City,A,6,4,1.57,,,,,13,13,8,9
29/12/12,Reading,West Ham,H,2.88,3.25,2.5,,,,,3,11,2,3
29/12/12,Stoke,Southampton,D,1.8,3.5,4.75,,,,,10,8,8,7
29/12/12,Sunderland,Tottenham,A,3.5,3.4,2.1,,,,,9,18,6,14
30/12/12,Everton,Chelsea,A,2.88,3.3,2.5,,,,,12,15,6,10
30/12/12,QPR,Liverpool,A,4,3.5,1.91,,,,,14,16,7,11
1/1/2013,Man City,Stoke,H,1.29,5.5,11,,,,,17,4,9,3
1/1/2013,Southampton,Arsenal,D,5,3.75,1.7,,,,,9,6,6,4
1/1/2013,Swansea,Aston Villa,D,1.57,4,6,,,,,23,8,13,6
1/1/2013,Tottenham,Reading,H,1.33,5,10,,,,,30,7,20,4
1/1/2013,West Brom,Fulham,A,2,3.5,3.75,,,,,17,10,10,5
1/1/2013,West Ham,Norwich,H,2.1,3.4,3.5,,,,,14,9,8,3
1/1/2013,Wigan,Man United,A,6,4.2,1.53,,,,,7,14,3,9
2/1/2013,Chelsea,QPR,A,1.2,6.5,15,,,,,23,8,11,5
2/1/2013,Liverpool,Sunderland,H,1.4,4.5,8.5,,,,,27,6,16,5
2/1/2013,Newcastle,Everton,A,3,3.4,2.38,,,,,14,7,11,6
12/1/2013,Aston Villa,Southampton,A,2.55,3.5,2.9,,,,,16,11,10,4
12/1/2013,Everton,Swansea,D,1.57,4.2,6.5,,,,,16,4,8,2
12/1/2013,Fulham,Wigan,D,2.05,3.5,4,,,,,14,15,5,6
12/1/2013,Norwich,Newcastle,D,2.2,3.6,3.4,,,,,12,9,3,4
12/1/2013,QPR,Tottenham,D,4.5,3.8,1.85,,,,,4,16,1,8
12/1/2013,Reading,West Brom,H,3,3.4,2.5,,,,,7,11,7,6
12/1/2013,Stoke,Chelsea,A,4.33,3.5,1.95,,,,,11,11,5,9
12/1/2013,Sunderland,West Ham,H,2.38,3.3,3.3,,,,,18,9,14,4
13/01/13,Arsenal,Man City,A,2.63,3.5,2.8,,,,,9,16,4,9
13/01/13,Man United,Liverpool,H,1.91,3.8,4.2,,,,,15,12,10,5
16/01/13,Chelsea,Southampton,D,1.25,6.5,15,,,,,19,7,10,3
19/01/13,Liverpool,Norwich,H,1.33,5.5,10.5,,,,,17,5,10,3
19/01/13,Man City,Fulham,H,1.25,6.5,14,,,,,20,3,11,0
19/01/13,Newcastle,Reading,A,1.75,4,5,,,,,15,6,10,2
19/01/13,Swansea,Stoke,H,2.2,3.4,3.6,,,,,12,7,6,2
19/01/13,West Brom,Aston Villa,D,1.75,4,5,,,,,25,11,9,7
19/01/13,West Ham,QPR,D,2.1,3.5,3.75,,,,,22,9,13,6
19/01/13,Wigan,Sunderland,A,2.15,3.4,3.8,,,,,20,10,11,5
20/01/13,Chelsea,Arsenal,H,1.91,3.6,4,,,,,13,12,8,8
20/01/13,Tottenham,Man United,D,2.9,3.6,2.5,,,,,23,6,18,4
21/01/13,Southampton,Everton,D,3.6,3.5,2.05,,,,,14,10,11,7
23/01/13,Arsenal,West Ham,H,1.44,4.75,8,,,,,23,7,17,5
29/01/13,Aston Villa,Newcastle,A,2.9,3.4,2.6,,,,,10,10,4,7
29/01/13,QPR,Man City,D,7.5,4.5,1.5,,,,,5,15,3,7
29/01/13,Stoke,Wigan,D,2.2,3.3,3.75,,,,,9,11,4,6
29/01/13,Sunderland,Swansea,D,2.5,3.4,3,,,,,4,18,2,8
30/01/13,Arsenal,Liverpool,D,2.4,3.5,3.1,,,,,14,10,6,5
30/01/13,Everton,West Brom,H,1.6,4.1,6.5,,,,,11,7,4,4
30/01/13,Fulham,West Ham,H,2.2,3.5,3.5,,,,,13,8,6,4
30/01/13,Man United,Southampton,H,1.25,6.5,14,,,,,11,21,7,10
30/01/13,Norwich,Tottenham,D,4.75,3.75,1.83,,,,,8,12,4,7
30/01/13,Reading,Chelsea,D,7.5,4.5,1.5,,,,,5,14,2,5
2/2/2013,Arsenal,Stoke,H,1.44,4.5,9,,,,,15,6,9,2
2/2/2013,Everton,Aston Villa,D,1.4,5,9,,,,,22,8,13,4
2/2/2013,Fulham,Man United,A,5.5,4.2,1.65,,,,,15,13,8,8
2/2/2013,Newcastle,Chelsea,H,4,3.6,2,,,,,19,12,13,6
2/2/2013,QPR,Norwich,D,1.95,3.6,4.33,,,,,15,14,7,9
2/2/2013,Reading,Sunderland,H,2.5,3.4,3,,,,,9,10,5,6
2/2/2013,West Ham,Swansea,H,2.4,3.4,3.2,,,,,18,11,9,7
2/2/2013,Wigan,Southampton,D,2.2,3.5,3.5,,,,,5,15,3,7
3/2/2013,Man City,Liverpool,D,1.83,3.9,4.5,,,,,9,21,5,12
3/2/2013,West Brom,Tottenham,A,3.6,3.4,2.2,,,,,4,21,3,13
9/2/2013,Chelsea,Wigan,H,1.36,5.5,9.5,,,,,25,13,17,10
9/2/2013,Norwich,Fulham,D,2.3,3.4,3.4,,,,,15,7,8,5
9/2/2013,Southampton,Man City,H,5.75,4,1.67,,,,,13,7,7,4
9/2/2013,Stoke,Reading,H,1.91,3.5,4.6,,,,,13,5,10,4
9/2/2013,Sunderland,Arsenal,A,4.5,3.6,1.91,,,,,12,18,7,9
9/2/2013,Swansea,QPR,H,1.83,3.75,4.75,,,,,13,14,12,8
9/2/2013,Tottenham,Newcastle,H,1.67,4,5.75,,,,,16,9,9,7
10/2/2013,Aston Villa,West Ham,H,2.63,3.4,2.88,,,,,7,13,2,7
10/2/2013,Man United,Everton,H,1.75,3.9,5,,,,,10,9,6,8
11/2/2013,Liverpool,West Brom,A,1.4,5,9,,,,,23,4,14,3
17/02/13,Liverpool,Swansea,H,1.57,4.4,6,,,,,33,4,18,3
23/02/13,Arsenal,Aston Villa,H,1.33,5.5,11,,,,,24,5,14,3
23/02/13,Fulham,Stoke,H,2.2,3.3,3.75,,,,,20,7,9,2
23/02/13,Norwich,Everton,H,3.8,3.5,2.1,,,,,10,11,9,5
23/02/13,QPR,Man United,A,7,4.33,1.53,,,,,12,13,5,8
23/02/13,Reading,Wigan,A,2.63,3.4,2.88,,,,,7,14,1,8
23/02/13,West Brom,Sunderland,H,2.05,3.5,4,,,,,17,10,7,6
24/02/13,Man City,Chelsea,H,1.95,3.6,4.33,,,,,15,4,11,1
24/02/13,Newcastle,Southampton,H,2.2,3.5,3.2,,,,,11,11,5,7
25/02/13,West Ham,Tottenham,A,3.6,3.5,2.15,,,,,8,25,6,16
2/3/2013,Chelsea,West Brom,H,1.4,5,9,,,,,25,8,19,4
2/3/2013,Everton,Reading,H,1.38,5,10,,,,,18,12,12,6
2/3/2013,Man United,Norwich,H,1.33,5.5,11,,,,,13,1,10,1
2/3/2013,Southampton,QPR,A,1.85,3.8,4.5,,,,,17,5,9,3
2/3/2013,Stoke,West Ham,A,2.15,3.25,4,,,,,10,10,2,7
2/3/2013,Sunderland,Fulham,D,2.4,3.3,3.3,,,,,12,7,6,4
2/3/2013,Swansea,Newcastle,H,2.1,3.6,3.75,,,,,10,14,7,7
2/3/2013,Wigan,Liverpool,A,4.5,3.75,1.85,,,,,15,8,11,7
3/3/2013,Tottenham,Arsenal,H,2.3,3.6,3.25,,,,,11,10,5,6
4/3/2013,Aston Villa,Man City,A,7.5,4.5,1.44,,,,,10,20,5,12
9/3/2013,Norwich,Southampton,D,2.5,3.4,3,,,,,3,15,2,7
9/3/2013,QPR,Sunderland,H,2.25,3.4,3.5,,,,,15,7,8,3
9/3/2013,Reading,Aston Villa,A,2.45,3.4,3.1,,,,,10,18,4,7
9/3/2013,West Brom,Swansea,H,2.45,3.3,3.2,,,,,12,9,6,4
10/3/2013,Liverpool,Tottenham,H,1.95,3.8,4,,,,,10,15,4,9
10/3/2013,Newcastle,Stoke,H,1.83,3.7,4.8,,,,,14,7,6,4
16/03/13,Aston Villa,QPR,H,2.3,3.4,3.4,,,,,10,18,6,11
16/03/13,Everton,Man City,H,3.9,3.6,2.05,,,,,11,17,5,11
16/03/13,Man United,Reading,H,1.17,9,19,,,,,17,5,8,1
16/03/13,Southampton,Liverpool,H,4.2,3.8,1.91,,,,,17,8,12,6
16/03/13,Stoke,West Brom,D,2.5,3.3,3.1,,,,,13,9,5,5
16/03/13,Swansea,Arsenal,A,3.4,3.5,2.25,,,,,9,15,2,11
17/03/13,Chelsea,West Ham,H,1.4,5,9,,,,,24,15,14,9
17/03/13,Sunderland,Norwich,D,2.05,3.5,4,,,,,16,7,8,3
17/03/13,Tottenham,Fulham,A,1.5,4.5,7.5,,,,,12,6,6,2
17/03/13,Wigan,Newcastle,H,2.3,3.4,3.4,,,,,13,9,10,4
30/03/13,Arsenal,Reading,H,1.25,6.5,15,,,,,23,4,14,2
30/03/13,Everton,Stoke,H,1.57,3.9,7.5,,,,,15,10,9,5
30/03/13,Man City,Newcastle,H,1.33,5.5,11,,,,,19,5,11,1
30/03/13,Southampton,Chelsea,H,3.5,3.5,2.2,,,,,13,7,8,4
30/03/13,Sunderland,Man United,A,6,4,1.65,,,,,9,10,4,6
30/03/13,Swansea,Tottenham,A,3.4,3.4,2.3,,,,,11,9,3,7
30/03/13,West Ham,West Brom,H,2.3,3.4,3.4,,,,,14,17,8,11
30/03/13,Wigan,Norwich,H,1.95,3.6,4.33,,,,,13,9,6,5
31/03/13,Aston Villa,Liverpool,A,5,4,1.75,,,,,10,16,7,12
1/4/2013,Fulham,QPR,H,2,3.6,4,,,,,9,19,5,11
6/4/2013,Norwich,Swansea,D,2.63,3.3,2.9,,,,,12,16,9,9
6/4/2013,Reading,Southampton,A,3.3,3.6,2.25,,,,,8,12,3,4
6/4/2013,Stoke,Aston Villa,A,2.1,3.4,4,,,,,6,11,2,8
6/4/2013,West Brom,Arsenal,A,4.1,3.7,1.95,,,,,16,11,5,6
7/4/2013,Chelsea,Sunderland,H,1.36,5,11,,,,,14,7,7,3
7/4/2013,Liverpool,West Ham,D,1.36,5.5,9,,,,,19,10,12,4
7/4/2013,Newcastle,Fulham,H,2.1,3.5,3.8,,,,,20,5,10,3
7/4/2013,QPR,Wigan,D,2.38,3.4,3.25,,,,,6,16,2,10
7/4/2013,Tottenham,Everton,D,2.2,3.4,3.6,,,,,19,9,10,5
8/4/2013,Man United,Man City,A,2.3,3.5,3.3,,,,,16,9,7,5
13/04/13,Arsenal,Norwich,H,1.25,6.5,14,,,,,10,5,7,5
13/04/13,Aston Villa,Fulham,D,2.3,3.3,3.5,,,,,15,8,7,3
13/04/13,Everton,QPR,H,1.44,4.75,8,,,,,14,8,10,5
13/04/13,Reading,Liverpool,D,8,4.75,1.45,,,,,7,26,5,15
13/04/13,Southampton,West Ham,D,1.91,3.75,4.2,,,,,15,6,11,4
14/04/13,Newcastle,Sunderland,A,1.95,3.5,4.5,,,,,15,8,9,7
14/04/13,Stoke,Man United,A,7,3.9,1.6,,,,,13,9,4,3
16/04/13,Arsenal,Everton,D,1.75,3.9,5,,,,,10,10,6,5
17/04/13,Fulham,Chelsea,A,4.75,3.8,1.8,,,,,11,13,7,10
17/04/13,Man City,Wigan,H,1.25,6.5,14,,,,,10,8,4,6
17/04/13,West Ham,Man United,D,5.5,3.9,1.7,,,,,10,15,4,9
20/04/13,Fulham,Arsenal,A,5,4,1.75,,,,,7,10,5,7
20/04/13,Norwich,Reading,H,1.75,3.8,5.25,,,,,19,14,9,6
20/04/13,QPR,Stoke,A,2.25,3.4,3.5,,,,,25,11,11,4
20/04/13,Sunderland,Everton,H,3.4,3.4,2.3,,,,,8,8,4,5
20/04/13,Swansea,Southampton,D,2.38,3.5,3.1,,,,,14,9,7,5
20/04/13,West Brom,Newcastle,D,2.25,3.5,3.4,,,,,8,10,4,6
20/04/13,West Ham,Wigan,H,2.3,3.5,3.3,,,,,17,18,11,10
21/04/13,Liverpool,Chelsea,D,2.15,3.6,3.6,,,,,23,9,12,6
21/04/13,Tottenham,Man City,H,3.25,3.6,2.3,,,,,11,11,8,7
22/04/13,Man United,Aston Villa,H,1.25,6.75,13,,,,,10,8,5,5
27/04/13,Everton,Fulham,H,1.5,4.5,7.5,,,,,17,6,10,2
27/04/13,Man City,West Ham,H,1.29,6,12,,,,,16,9,10,6
27/04/13,Newcastle,Liverpool,A,2.88,3.6,2.5,,,,,5,11,1,10
27/04/13,Southampton,West Brom,A,1.85,3.75,4.6,,,,,16,11,4,9
27/04/13,Stoke,Norwich,H,2.25,3.3,3.6,,,,,12,5,4,0
27/04/13,Wigan,Tottenham,D,3.8,3.6,2.05,,,,,6,14,4,7
28/04/13,Arsenal,Man United,D,2.25,3.6,3.3,,,,,19,10,13,5
28/04/13,Chelsea,Swansea,H,1.36,5.5,9,,,,,21,11,14,8
28/04/13,Reading,QPR,D,2.55,3.5,2.88,,,,,13,15,7,5
29/04/13,Aston Villa,Sunderland,H,2.3,3.4,3.4,,,,,18,7,15,4
4/5/2013,Fulham,Reading,A,1.73,3.9,5.25,,,,,18,20,13,13
4/5/2013,Norwich,Aston Villa,A,2.55,3.3,3,,,,,9,12,4,6
4/5/2013,QPR,Arsenal,A,8,4.75,1.44,,,,,14,13,6,11
4/5/2013,Swansea,Man City,D,5.25,3.8,1.75,,,,,7,12,1,8
4/5/2013,Tottenham,Southampton,H,1.44,4.75,8,,,,,7,10,4,6
4/5/2013,West Brom,Wigan,A,2.45,3.5,3,,,,,17,13,11,8
4/5/2013,West Ham,Newcastle,D,2.38,3.4,3.25,,,,,9,11,3,6
5/5/2013,Liverpool,Everton,D,1.95,3.6,4.2,,,,,16,11,8,4
5/5/2013,Man United,Chelsea,A,2.2,3.5,3.5,,,,,10,15,4,6
6/5/2013,Sunderland,Stoke,D,2.1,3.3,4,,,,,14,11,7,7
7/5/2013,Man City,West Brom,H,1.4,5,9,,,,,21,20,9,11
7/5/2013,Wigan,Swansea,A,1.83,3.75,4.75,,,,,14,10,11,6
8/5/2013,Chelsea,Tottenham,D,1.95,3.75,4,,,,,15,13,8,6
11/5/2013,Aston Villa,Chelsea,A,4.5,3.8,1.85,,,,,12,11,7,8
12/5/2013,Everton,West Ham,H,1.5,4.5,7.5,,,,,23,7,13,2
12/5/2013,Fulham,Liverpool,A,3.9,3.6,2.05,,,,,10,20,8,14
12/5/2013,Man United,Swansea,H,1.3,5.75,12,,,,,16,5,9,2
12/5/2013,Norwich,West Brom,H,2.2,3.4,3.6,,,,,11,8,8,5
12/5/2013,QPR,Newcastle,A,3.4,3.4,2.3,,,,,8,10,3,7
12/5/2013,Stoke,Tottenham,A,4.5,3.6,1.91,,,,,6,23,3,15
12/5/2013,Sunderland,Southampton,D,2.8,3.2,2.8,,,,,5,15,5,10
14/05/13,Arsenal,Wigan,H,1.4,5.5,8,,,,,19,10,12,5
14/05/13,Reading,Man City,A,6,4.33,1.6,,,,,11,27,7,20
19/05/13,Chelsea,Everton,H,1.7,4,5.5,,,,,20,16,10,9
19/05/13,Liverpool,QPR,H,1.25,7,12,,,,,27,10,20,3
19/05/13,Man City,Norwich,A,1.33,5.5,11,,,,,12,12,5,7
19/05/13,Newcastle,Arsenal,A,6,4.6,1.55,,,,,7,9,2,3
19/05/13,Southampton,Stoke,D,1.75,3.8,5.25,,,,,11,7,7,3
19/05/13,Swansea,Fulham,A,1.8,3.8,4.75,,,,,19,8,11,6
19/05/13,Tottenham,Sunderland,H,1.29,6,12,,,,,23,6,19,4
19/05/13,West Brom,Man United,D,4.5,3.9,1.83,,,,,15,12,8,8
19/05/13,West Ham,Reading,H,1.67,4,5.75,,,,,21,17,12,7
19/05/13,Wigan,Aston Villa,D,2.15,3.6,3.6,,,,,12,5,6,2
