Date,HomeTeam,AwayTeam,FormH,FormA,PositionH,PositionA,HSPG,ASPG,HSTPG,ASTPG,MatchRating,GoalDiff,B365H,B365D,B365A,FTR
14/08/10,Aston Villa,West Ham,average,average,1,1,0.0,0.0,0.0,0.0,D,0,2,3.3,4,H
14/08/10,Blackburn,Everton,average,average,2,2,0.0,0.0,0.0,0.0,D,0,2.88,3.25,2.5,H
14/08/10,Bolton,Fulham,average,average,2,2,0.0,0.0,0.0,0.0,D,0,2.2,3.3,3.4,D
14/08/10,Chelsea,West Brom,average,average,3,3,0.0,0.0,0.0,0.0,D,0,1.17,7,17,H
14/08/10,Sunderland,Birmingham,average,average,3,3,0.0,0.0,0.0,0.0,D,0,2.1,3.3,3.6,D
14/08/10,Tottenham,Man City,average,average,3,3,0.0,0.0,0.0,0.0,D,0,2.4,3.3,3,D
14/08/10,Wigan,Blackpool,average,average,3,3,0.0,0.0,0.0,0.0,D,0,1.83,3.5,4.5,A
14/08/10,Wolves,Stoke,average,average,3,3,0.0,0.0,0.0,0.0,D,0,2.3,3.25,3.2,H
15/08/10,Liverpool,Arsenal,average,average,3,3,0.0,0.0,0.0,0.0,D,0,2.5,3.25,2.88,D
16/08/10,Man United,Newcastle,average,average,3,3,0.0,0.0,0.0,0.0,D,0,1.25,5.5,15,H
21/08/10,Arsenal,Blackpool,average,good,2,1,14.0,9.0,7.0,7.0,A,-4,1.17,7,19,H
21/08/10,Birmingham,Blackburn,average,good,3,2,13.0,7.0,7.0,2.0,D,-1,2.2,3.25,3.4,H
21/08/10,Everton,Wolves,poor,good,4,2,17.0,13.0,12.0,7.0,D,-2,1.5,4,7,D
21/08/10,Stoke,Tottenham,poor,average,4,3,10.0,22.0,6.0,18.0,D,-1,3.4,3.3,2.2,A
21/08/10,West Brom,Sunderland,poor,average,4,3,10.0,6.0,4.0,2.0,A,-6,2.5,3.25,2.88,H
21/08/10,West Ham,Bolton,poor,average,4,3,12.0,13.0,2.0,9.0,D,-3,2.25,3.3,3.25,A
21/08/10,Wigan,Chelsea,poor,good,4,2,11.0,18.0,6.0,13.0,A,-10,15,6,1.22,A
22/08/10,Fulham,Man United,average,good,4,3,12.0,18.0,7.0,10.0,D,-3,6,4,1.57,D
22/08/10,Newcastle,Aston Villa,poor,good,6,3,7.0,23.0,3.0,11.0,A,-6,3.2,3.25,2.3,H
23/08/10,Man City,Liverpool,average,average,5,5,11.0,7.0,7.0,4.0,D,0,2.38,3.25,3.1,H
28/08/10,Blackburn,Arsenal,average,average,3,2,7.0,20.0,2.0,11.5,A,-6,6,4,1.57,A
28/08/10,Blackpool,Fulham,average,average,4,5,6.0,14.0,4.0,7.5,D,-2,3.2,3.25,2.3,D
28/08/10,Chelsea,Stoke,good,poor,2,6,14.0,12.5,10.5,8.0,H,14,1.11,9,23,H
28/08/10,Man United,West Ham,average,poor,3,6,16.0,14.5,8.5,6.0,H,8,1.14,8,19,H
28/08/10,Tottenham,Wigan,average,poor,3,6,14.5,14.0,12.0,9.0,H,11,1.25,5.75,13,A
28/08/10,Wolves,Newcastle,average,average,3,4,11.0,13.5,5.5,8.5,D,-2,2.4,3.2,3.1,D
29/08/10,Aston Villa,Everton,average,poor,5,6,13.0,15.5,6.0,9.0,D,-2,2.5,3.25,2.88,H
29/08/10,Bolton,Birmingham,average,average,5,5,12.5,11.5,8.5,7.0,D,1,2.1,3.3,3.6,D
29/08/10,Liverpool,West Brom,poor,average,7,6,10.0,10.5,5.5,4.5,D,2,1.22,6,15,H
29/08/10,Sunderland,Man City,poor,average,7,5,8.0,9.5,3.0,5.0,A,-4,4.5,3.5,1.83,H
11/9/2010,Arsenal,Bolton,good,good,2,4,18.0,12.0,10.67,8.33,H,5,1.25,5.5,13,H
11/9/2010,Everton,Man United,poor,good,8,3,15.33,16.67,9.0,9.33,A,-8,4.2,3.4,1.91,D
11/9/2010,Fulham,Wolves,average,good,7,5,13.33,9.0,7.33,4.33,D,-1,1.83,3.5,4.5,H
11/9/2010,Man City,Blackburn,average,average,6,7,9.33,9.67,5.67,3.67,D,3,1.33,5,10,D
11/9/2010,Newcastle,Blackpool,average,average,6,6,12.67,8.67,7.67,4.33,H,5,1.57,4,6,A
11/9/2010,West Brom,Tottenham,average,average,8,7,11.67,13.67,4.67,10.33,A,-6,3.75,3.25,2.1,D
11/9/2010,West Ham,Chelsea,poor,good,10,2,12.0,14.33,4.67,9.0,A,-22,10,5,1.33,A
11/9/2010,Wigan,Sunderland,average,average,8,7,13.67,9.33,7.67,3.33,A,-9,2.5,3.25,2.88,D
12/9/2010,Birmingham,Liverpool,good,average,6,7,10.67,10.33,6.33,6.0,D,3,3.1,3.2,2.4,D
13/09/10,Stoke,Aston Villa,poor,good,9,5,11.33,12.67,6.33,6.0,D,-2,2.5,3.25,2.88,H
18/09/10,Aston Villa,Bolton,average,average,5,6,12.0,10.75,6.0,7.75,D,-2,1.8,3.6,4.5,D
18/09/10,Blackburn,Fulham,poor,good,7,5,8.25,13.25,3.25,7.0,D,-2,2,3.3,4,D
18/09/10,Everton,Newcastle,average,average,9,7,17.25,13.5,10.25,9.0,D,-3,1.62,3.75,6,A
18/09/10,Stoke,West Ham,average,poor,8,10,13.5,12.25,7.75,5.25,H,7,1.91,3.4,4.2,D
18/09/10,Sunderland,Arsenal,average,good,6,2,8.0,19.25,3.0,11.5,A,-10,5.5,3.7,1.67,D
18/09/10,Tottenham,Wolves,average,average,6,6,14.25,7.75,10.0,3.75,D,0,1.4,4.5,8.5,H
18/09/10,West Brom,Birmingham,average,good,7,5,12.5,11.75,5.5,5.5,A,-7,2.25,3.3,3.25,H
19/09/10,Chelsea,Blackpool,good,average,1,4,15.0,8.25,9.0,4.25,H,16,1.1,9,26,H
19/09/10,Man United,Liverpool,good,average,3,6,15.75,11.25,9.0,6.5,H,8,1.7,3.5,5.5,H
19/09/10,Wigan,Man City,average,average,7,6,14.5,12.0,6.75,7.75,A,-11,5,3.6,1.73,A
25/09/10,Arsenal,West Brom,good,average,2,4,18.6,13.2,10.6,6.4,H,14,1.22,6,15,A
25/09/10,Birmingham,Wigan,average,average,6,8,10.6,13.4,5.0,6.0,H,10,1.83,3.5,4.5,D
25/09/10,Blackpool,Blackburn,average,average,5,7,8.8,8.4,4.2,3.6,D,-3,3.2,3.25,2.3,A
25/09/10,Fulham,Everton,good,poor,5,9,12.4,15.0,6.4,8.8,H,4,2.75,3.2,2.63,D
25/09/10,Liverpool,Sunderland,average,good,7,6,10.4,9.6,5.4,3.4,D,-3,1.44,4.33,7.5,D
25/09/10,Man City,Chelsea,average,good,4,1,11.8,17.4,7.2,10.2,A,-16,3.6,3.3,2.1,H
25/09/10,West Ham,Tottenham,poor,average,10,4,12.4,15.4,5.4,10.2,A,-12,3.5,3.4,2.1,H
26/09/10,Bolton,Man United,average,good,6,2,11.2,15.8,7.6,8.6,A,-8,7.5,4,1.5,D
26/09/10,Newcastle,Stoke,average,average,6,9,12.6,12.6,8.0,6.8,H,5,1.91,3.4,4.2,A
26/09/10,Wolves,Aston Villa,poor,average,8,6,7.2,12.2,3.4,6.0,D,1,2.88,3.25,2.5,A
2/10/2010,Birmingham,Everton,average,average,6,10,10.5,15.0,4.83,8.5,D,2,2.88,3.1,2.63,A
2/10/2010,Stoke,Blackburn,good,good,6,5,11.83,9.17,6.0,4.33,D,-2,2.25,3.2,3.4,H
2/10/2010,Sunderland,Man United,average,good,6,2,9.67,15.17,3.0,8.17,A,-7,5,3.5,1.75,D
2/10/2010,Tottenham,Aston Villa,average,average,5,4,15.67,11.83,10.33,6.33,D,3,1.91,3.5,4,H
2/10/2010,West Brom,Bolton,good,average,4,6,12.17,11.83,6.17,7.83,D,-2,2.1,3.25,3.75,D
2/10/2010,West Ham,Fulham,average,good,9,5,14.0,12.33,7.0,5.67,A,-10,2.25,3.25,3.3,D
2/10/2010,Wigan,Wolves,average,poor,9,9,14.0,8.33,6.67,4.83,A,-8,2.25,3.25,3.3,H
3/10/2010,Chelsea,Arsenal,good,average,1,3,17.0,19.5,9.17,10.83,H,10,1.73,3.6,5,H
3/10/2010,Liverpool,Blackpool,average,average,8,7,10.83,9.17,5.33,4.83,D,2,1.33,5,10,A
3/10/2010,Man City,Newcastle,good,average,3,7,11.17,12.33,7.0,7.83,H,4,1.44,4,8.5,H
16/10/10,Arsenal,Birmingham,poor,poor,4,8,18.57,9.86,10.0,4.57,H,10,1.29,5.5,11,H
16/10/10,Aston Villa,Chelsea,average,good,5,1,12.0,16.14,6.0,8.71,A,-21,5,3.6,1.73,D
16/10/10,Bolton,Stoke,average,good,7,5,11.57,12.71,7.43,6.71,D,-1,2.2,3.2,3.5,H
16/10/10,Fulham,Tottenham,average,good,6,4,13.0,16.14,5.57,10.29,D,-1,2.88,3.25,2.5,A
16/10/10,Man United,West Brom,good,good,3,4,14.43,12.86,7.57,6.57,D,1,1.25,5.75,12,D
16/10/10,Newcastle,Wigan,average,average,8,7,11.71,15.43,7.29,8.14,H,8,1.83,3.5,4.5,D
16/10/10,Wolves,West Ham,poor,good,10,10,7.43,13.71,4.14,6.71,D,0,2.25,3.2,3.4,D
17/10/10,Blackpool,Man City,average,good,5,2,9.43,10.86,5.14,6.71,A,-14,5.5,4,1.62,A
17/10/10,Everton,Liverpool,average,poor,10,10,14.43,12.0,8.14,6.0,H,4,2.4,3.25,3,H
18/10/10,Blackburn,Sunderland,average,average,8,8,8.86,10.29,4.29,3.71,D,-2,2.1,3.3,3.6,D
23/10/10,Birmingham,Blackpool,poor,average,9,6,9.38,10.25,4.5,5.13,D,-2,1.83,3.6,4.33,H
23/10/10,Chelsea,Wolves,average,poor,1,9,15.75,7.63,8.38,4.25,H,15,1.13,8.5,19,H
23/10/10,Sunderland,Aston Villa,average,average,7,5,11.0,11.88,4.13,5.88,D,1,2.4,3.25,3,H
23/10/10,Tottenham,Everton,good,good,3,7,15.88,13.75,9.75,7.88,D,0,2.1,3.25,3.75,D
23/10/10,West Brom,Fulham,good,average,5,8,12.13,12.75,6.0,5.5,D,2,2.2,3.25,3.4,H
23/10/10,West Ham,Newcastle,good,poor,10,9,13.13,11.38,6.75,6.88,D,-1,2.38,3.25,3.1,A
23/10/10,Wigan,Bolton,good,good,8,6,14.5,11.5,7.63,7.25,D,3,2.38,3.25,3.1,D
24/10/10,Liverpool,Blackburn,poor,average,9,8,12.38,8.88,6.38,4.13,D,-2,1.67,3.6,5.5,H
24/10/10,Man City,Arsenal,good,average,2,4,11.13,18.5,6.88,10.38,D,2,2.5,3.2,2.9,A
24/10/10,Stoke,Man United,good,average,7,4,12.13,14.63,6.25,7.75,A,-4,5.5,3.75,1.67,A
30/10/10,Arsenal,West Ham,good,average,2,8,17.78,12.22,10.11,6.11,H,6,1.17,7,17,H
30/10/10,Blackburn,Chelsea,poor,good,8,1,8.33,15.89,3.89,8.56,A,-10,7.5,4.33,1.44,A
30/10/10,Everton,Stoke,good,average,7,7,13.0,11.44,7.33,5.78,D,2,1.57,3.75,6.5,H
30/10/10,Fulham,Wigan,poor,good,9,8,12.33,14.56,5.22,7.78,D,-1,1.91,3.4,4.2,H
30/10/10,Man United,Tottenham,good,good,3,4,14.33,15.56,7.44,9.56,D,-1,1.57,4,6,H
30/10/10,Wolves,Man City,poor,good,10,3,8.11,10.89,4.78,6.78,A,-10,5.5,3.4,1.73,H
31/10/10,Aston Villa,Birmingham,poor,average,7,8,11.78,10.22,6.0,4.89,D,1,1.8,3.6,4.5,D
31/10/10,Bolton,Liverpool,good,average,6,9,11.22,12.89,6.67,6.78,D,1,3.4,3.25,2.2,A
31/10/10,Newcastle,Sunderland,average,good,7,6,11.56,11.22,7.0,4.33,D,-3,2.2,3.2,3.5,H
1/11/2010,Blackpool,West Brom,average,good,9,4,10.67,12.33,5.22,6.11,A,-9,2.9,3.25,2.5,H
6/11/2010,Birmingham,West Ham,average,poor,8,11,10.2,11.6,5.0,5.8,D,-2,1.91,3.4,4.2,D
6/11/2010,Blackburn,Wigan,poor,average,9,8,8.8,13.9,4.1,7.3,D,0,1.8,3.6,4.5,H
6/11/2010,Blackpool,Everton,average,good,6,6,11.7,13.5,5.5,7.6,A,-10,4.5,3.6,1.8,D
6/11/2010,Bolton,Tottenham,average,average,6,4,11.5,15.1,7.0,9.1,D,-1,3,3.3,2.4,H
6/11/2010,Fulham,Aston Villa,average,average,6,6,12.6,11.3,5.6,5.7,D,1,2.2,3.25,3.4,D
6/11/2010,Man United,Wolves,good,average,2,9,14.7,8.3,7.7,4.9,H,10,1.22,6,15,H
6/11/2010,Sunderland,Stoke,average,poor,8,9,11.2,11.2,4.4,5.3,D,-2,2.1,3.2,3.75,H
7/11/2010,Arsenal,Newcastle,good,good,3,6,18.0,12.0,10.4,7.5,D,-2,1.29,5.5,11,A
7/11/2010,Liverpool,Chelsea,good,good,8,1,12.6,15.9,6.5,8.6,A,-10,3.8,3.4,2,H
7/11/2010,West Brom,Man City,average,average,5,4,12.3,11.5,6.0,7.0,D,2,3.6,3.3,2.1,A
9/11/2010,Stoke,Birmingham,poor,good,9,8,11.18,10.0,5.27,5.0,D,-2,2.1,3.2,3.75,H
9/11/2010,Tottenham,Sunderland,poor,good,5,5,14.73,11.45,8.82,4.64,D,-2,1.53,4,6.5,D
10/11/2010,Aston Villa,Blackpool,average,average,8,7,11.64,11.64,5.91,5.73,D,1,1.62,3.75,6,H
10/11/2010,Chelsea,Fulham,good,average,1,8,15.45,12.73,8.45,6.0,D,2,1.2,6.5,15,H
10/11/2010,Everton,Bolton,good,average,7,6,14.09,12.09,8.18,7.09,D,3,1.62,3.75,6,D
10/11/2010,Man City,Man United,average,good,3,2,11.27,14.64,6.82,7.91,D,-3,2.63,3.25,2.75,D
10/11/2010,Newcastle,Blackburn,good,average,5,10,11.55,8.91,7.0,4.0,H,5,1.91,3.4,4.2,A
10/11/2010,West Ham,West Brom,poor,average,13,7,12.0,12.36,6.0,6.09,D,0,2.3,3.25,3.2,D
10/11/2010,Wigan,Liverpool,poor,good,11,7,14.09,12.27,7.55,6.55,D,-2,4.75,3.6,1.75,D
10/11/2010,Wolves,Arsenal,average,good,12,4,8.27,17.36,5.0,10.18,A,-6,5.5,3.6,1.67,A
13/11/10,Aston Villa,Man United,good,good,6,2,12.25,14.0,6.42,7.58,A,-5,4.5,3.6,1.8,D
13/11/10,Man City,Birmingham,average,average,4,10,10.83,10.33,6.58,5.42,D,2,1.4,4.5,8.5,D
13/11/10,Newcastle,Fulham,good,average,5,9,11.33,12.08,6.67,5.75,H,5,1.91,3.4,4.2,D
13/11/10,Stoke,Liverpool,average,good,10,7,11.83,11.92,5.83,6.25,A,-4,3.75,3.25,2.1,H
13/11/10,Tottenham,Blackburn,poor,good,7,8,15.17,8.75,9.08,4.08,D,-1,1.57,3.8,6.5,H
13/11/10,West Ham,Blackpool,average,average,14,10,11.67,11.67,5.92,5.75,D,0,1.91,3.6,4,D
13/11/10,Wigan,West Brom,poor,poor,12,8,13.75,12.5,7.58,6.08,D,1,2.5,3.25,2.88,H
13/11/10,Wolves,Bolton,average,average,12,8,8.75,11.92,5.17,6.92,A,-8,2.4,3.1,3.2,A
14/11/10,Chelsea,Sunderland,good,average,1,8,15.75,11.17,8.58,4.58,H,5,1.22,5.75,15,A
14/11/10,Everton,Arsenal,good,good,9,3,14.83,16.92,8.5,10.0,D,1,3.4,3.3,2.2,A
20/11/10,Arsenal,Tottenham,good,average,2,5,16.62,15.54,9.85,9.31,H,8,1.62,4,5.5,A
20/11/10,Birmingham,Chelsea,average,average,11,1,9.92,15.62,5.23,8.46,D,1,5,3.6,1.73,H
20/11/10,Blackpool,Wolves,average,poor,9,11,12.0,8.85,5.69,5.23,D,2,2.5,3.3,2.88,H
20/11/10,Bolton,Newcastle,good,average,5,6,12.0,11.46,6.92,6.69,D,-2,2.1,3.3,3.6,H
20/11/10,Liverpool,West Ham,average,average,8,11,11.77,12.08,6.23,5.77,D,2,1.57,3.8,6.5,H
20/11/10,Man United,Wigan,good,average,3,10,14.15,13.69,7.77,7.31,H,6,1.22,6,15,H
20/11/10,West Brom,Stoke,poor,good,7,7,12.46,12.0,6.08,5.92,D,-1,2.2,3.2,3.5,A
21/11/10,Blackburn,Aston Villa,good,good,8,6,9.0,12.23,4.38,6.38,D,-2,2.3,3.25,3.25,H
21/11/10,Fulham,Man City,average,good,9,3,11.92,11.62,5.92,6.92,D,0,3.2,3.1,2.4,A
22/11/10,Sunderland,Everton,good,average,5,9,11.77,14.77,4.92,8.38,D,0,2.6,3.2,2.8,D
27/11/10,Aston Villa,Arsenal,average,good,8,2,12.5,16.29,6.71,9.64,A,-7,3.4,3.3,2.2,A
27/11/10,Bolton,Blackpool,good,average,4,7,12.43,12.07,7.07,5.93,H,7,1.57,4.2,5.5,D
27/11/10,Everton,West Brom,average,poor,10,10,14.43,12.64,8.36,6.21,H,6,1.57,3.8,6.5,A
27/11/10,Fulham,Birmingham,poor,average,11,10,11.71,9.29,5.71,4.93,A,-5,2,3.3,4,D
27/11/10,Man United,Blackburn,good,good,2,8,14.36,9.36,8.07,4.43,H,6,1.25,5.5,13,H
27/11/10,Stoke,Man City,good,good,8,4,11.57,11.57,5.79,7.0,D,1,3.4,3.25,2.2,D
27/11/10,West Ham,Wigan,average,average,14,13,11.64,13.43,5.43,7.07,D,-1,2,3.5,3.75,H
27/11/10,Wolves,Sunderland,poor,good,15,7,9.57,11.86,5.57,5.14,A,-8,2.6,3.2,2.8,H
28/11/10,Newcastle,Chelsea,poor,average,9,3,11.07,16.21,6.29,8.5,D,3,5,3.6,1.73,D
28/11/10,Tottenham,Liverpool,good,average,5,7,15.14,12.29,9.07,6.57,A,-6,2,3.4,3.8,H
4/12/2010,Arsenal,Fulham,good,average,2,11,16.33,11.67,9.67,5.8,H,6,1.29,5.25,12,H
4/12/2010,Birmingham,Tottenham,good,good,10,5,9.13,15.47,4.8,9.33,D,0,3.5,3.4,2.1,D
4/12/2010,Blackburn,Wolves,average,average,8,13,8.93,9.87,4.27,5.73,D,-2,1.73,3.6,5,H
4/12/2010,Chelsea,Everton,poor,poor,3,11,16.27,14.27,8.8,8.07,D,-1,1.36,4.75,9,D
4/12/2010,Man City,Bolton,good,good,4,5,11.4,13.2,6.8,7.53,D,-2,1.53,4,6.5,H
4/12/2010,Wigan,Stoke,average,good,13,8,13.2,11.87,7.27,6.0,A,-9,2.75,3.2,2.63,D
5/12/2010,Sunderland,West Ham,average,average,8,13,12.07,11.87,5.4,5.67,D,2,1.83,3.5,4.5,H
5/12/2010,West Brom,Newcastle,average,average,8,8,12.27,10.67,6.0,6.07,A,-4,2.25,3.3,3.25,H
6/12/2010,Liverpool,Aston Villa,average,poor,9,11,12.27,12.07,6.67,6.53,H,6,1.62,3.75,6,H
11/12/2010,Aston Villa,West Brom,poor,good,11,7,11.63,12.75,6.25,6.38,A,-5,2.1,3.3,3.6,H
11/12/2010,Everton,Wigan,average,poor,12,13,14.38,13.31,8.0,7.31,D,0,1.4,4.5,9,D
11/12/2010,Fulham,Sunderland,poor,average,13,6,11.63,12.38,5.88,5.81,A,-10,2.2,3.25,3.4,D
11/12/2010,Newcastle,Liverpool,poor,good,11,8,10.69,12.25,6.13,6.69,A,-11,3.8,3.4,2,H
11/12/2010,Stoke,Blackpool,good,good,9,11,11.81,12.33,6.06,6.2,D,3,1.62,4,5.5,A
11/12/2010,West Ham,Man City,average,good,13,4,11.63,11.88,5.44,7.0,A,-8,4.5,3.6,1.8,A
12/12/2010,Bolton,Blackburn,average,good,6,8,12.81,9.0,7.19,4.44,H,7,2,3.3,4,H
12/12/2010,Tottenham,Chelsea,good,average,4,3,15.13,16.0,9.06,8.56,H,7,2.8,3.25,2.6,D
12/12/2010,Wolves,Birmingham,average,good,11,9,9.88,9.38,5.81,4.81,A,-7,2.4,3.25,3,H
13/12/10,Man United,Arsenal,good,good,2,1,14.4,16.25,8.27,9.63,H,7,2,3.4,3.8,H
18/12/10,Blackburn,West Ham,average,average,8,13,9.41,11.71,4.82,5.29,D,1,1.8,3.6,4.5,D
18/12/10,Sunderland,Bolton,average,average,6,5,12.29,12.76,5.59,7.18,D,-2,2.2,3.2,3.5,H
20/12/10,Man City,Everton,good,average,2,9,11.88,14.47,7.0,8.0,H,10,1.73,3.6,5,A
26/12/10,Aston Villa,Tottenham,average,good,8,4,11.29,14.82,6.06,8.71,A,-9,3.2,3.3,2.3,A
26/12/10,Blackburn,Stoke,average,average,7,8,9.61,12.06,4.83,6.0,A,-9,2.3,3.2,3.2,A
26/12/10,Bolton,West Brom,average,good,6,8,12.72,12.65,7.22,6.24,H,4,2.1,3.25,3.75,H
26/12/10,Fulham,West Ham,average,poor,12,14,11.76,11.67,6.29,5.17,D,-1,1.91,3.4,4.2,A
26/12/10,Man United,Sunderland,good,good,1,6,14.38,12.33,8.38,5.56,H,6,1.29,5.5,11,H
26/12/10,Newcastle,Man City,average,good,8,2,10.53,12.61,6.06,7.44,A,-10,3.25,3.25,2.25,A
26/12/10,Wolves,Wigan,good,average,14,13,10.12,12.82,6.0,7.12,D,-2,2.1,3.3,3.6,A
27/12/10,Arsenal,Chelsea,good,average,3,4,15.94,15.82,9.41,8.47,H,7,2.63,3.2,2.75,H
28/12/10,Birmingham,Man United,average,good,12,1,9.0,14.35,4.53,8.47,A,-12,6.5,4.33,1.5,D
28/12/10,Man City,Aston Villa,good,average,2,10,12.42,12.11,7.37,6.56,H,14,1.44,4.2,8,H
28/12/10,Stoke,Fulham,average,poor,7,12,12.0,11.83,6.17,6.28,H,12,1.83,3.4,4.75,A
28/12/10,Sunderland,Blackpool,average,good,6,8,12.0,12.19,5.37,6.13,D,-2,1.62,3.75,6,A
28/12/10,Tottenham,Newcastle,good,average,4,9,14.72,11.06,8.67,6.28,H,11,1.53,4,6.5,H
28/12/10,West Brom,Blackburn,average,poor,9,9,12.78,9.74,6.39,5.0,D,2,1.83,3.5,4.5,A
28/12/10,West Ham,Everton,average,good,13,10,11.58,13.89,5.26,7.72,D,1,3.4,3.2,2.25,D
29/12/10,Chelsea,Bolton,average,good,4,5,15.5,12.68,8.22,7.26,A,-11,1.29,5.5,11,H
29/12/10,Liverpool,Wolves,average,average,9,13,12.47,10.0,6.71,5.89,H,5,1.33,5,10,A
29/12/10,Wigan,Arsenal,good,good,11,2,12.83,15.61,7.17,9.33,A,-6,6.5,4.2,1.5,D
1/1/2011,Birmingham,Arsenal,average,average,11,2,8.94,15.58,4.44,9.32,D,-3,5.5,3.6,1.67,A
1/1/2011,Liverpool,Bolton,average,average,9,5,12.28,12.35,6.61,7.0,D,0,1.7,3.75,5,H
1/1/2011,Man City,Blackpool,good,good,2,7,12.35,12.0,7.4,6.0,H,5,1.29,5.5,10,H
1/1/2011,Stoke,Everton,average,good,9,10,12.11,13.84,6.26,7.58,H,4,2.63,3.2,2.75,H
1/1/2011,Sunderland,Blackburn,average,average,7,8,13.0,9.55,5.9,4.95,D,1,1.83,3.5,4.5,H
1/1/2011,Tottenham,Fulham,good,average,5,12,14.63,11.42,8.63,6.11,H,9,1.4,4.5,8.5,H
1/1/2011,West Brom,Man United,poor,good,10,3,13.21,14.11,6.63,8.22,A,-14,6,4.2,1.53,A
1/1/2011,West Ham,Wolves,good,good,13,12,11.55,9.84,5.1,5.74,D,3,2,3.4,3.8,H
2/1/2011,Chelsea,Aston Villa,average,average,4,10,15.32,11.95,8.16,6.42,H,9,1.25,5.5,13,D
2/1/2011,Wigan,Newcastle,good,average,11,9,12.53,11.11,7.05,6.37,H,5,2.5,3.2,2.9,A
4/1/2011,Blackpool,Birmingham,good,poor,8,12,11.78,8.58,6.0,4.26,H,6,2.3,3.25,3.25,A
4/1/2011,Fulham,West Brom,average,poor,12,9,11.45,13.4,6.0,6.7,D,-1,2.2,3.25,3.4,H
4/1/2011,Man United,Stoke,good,good,1,7,13.63,11.85,7.95,6.1,H,11,1.25,5.75,12,H
5/1/2011,Arsenal,Man City,good,good,3,2,15.7,12.48,9.4,7.24,D,-2,1.91,3.6,4,D
5/1/2011,Aston Villa,Sunderland,poor,average,11,6,12.15,13.0,6.6,5.95,A,-10,2.2,3.25,3.4,A
5/1/2011,Blackburn,Liverpool,average,average,9,9,9.62,12.47,4.86,6.63,A,-4,3.4,3.25,2.2,H
5/1/2011,Bolton,Wigan,average,average,7,13,12.24,12.35,6.86,6.9,D,1,1.73,3.6,5,D
5/1/2011,Everton,Tottenham,average,good,11,4,13.9,14.55,7.7,8.65,A,-9,2.63,3.25,2.75,H
5/1/2011,Newcastle,West Ham,average,good,10,13,11.2,11.52,6.3,5.14,A,-4,1.83,3.6,4.33,H
5/1/2011,Wolves,Chelsea,average,average,14,5,10.1,15.3,5.95,8.25,D,-2,8,4.2,1.44,H
12/1/2011,Blackpool,Liverpool,average,average,10,10,12.16,12.5,6.37,6.75,H,4,3.8,3.75,1.91,H
15/01/11,Chelsea,Blackburn,average,good,5,8,15.38,9.64,8.24,4.82,D,0,1.29,5.5,11,H
15/01/11,Man City,Wolves,good,good,2,12,12.14,9.76,6.91,5.76,H,11,1.33,5,10,H
15/01/11,Stoke,Bolton,average,poor,9,7,11.52,12.32,5.86,6.86,D,0,2.1,3.25,3.75,H
15/01/11,West Brom,Blackpool,poor,average,10,8,13.33,12.2,6.57,6.5,A,-9,1.8,3.6,4.5,H
15/01/11,West Ham,Arsenal,average,good,12,3,11.59,15.57,5.18,9.33,A,-8,6,4,1.57,A
15/01/11,Wigan,Fulham,average,good,11,10,12.24,11.48,6.9,6.0,D,-1,2.5,3.25,2.88,D
16/01/11,Birmingham,Aston Villa,average,poor,11,12,8.7,11.95,4.4,6.38,H,5,2.4,3.2,3.1,D
16/01/11,Liverpool,Everton,average,average,9,9,12.38,14.14,6.71,7.9,D,-2,2.2,3.2,3.5,D
16/01/11,Sunderland,Newcastle,good,good,6,8,12.91,11.19,5.91,6.33,D,-1,2.2,3.25,3.4,D
16/01/11,Tottenham,Man United,good,good,5,2,14.48,13.85,8.48,7.9,A,-8,2.88,3.3,2.5,D
22/01/11,Arsenal,Wigan,good,average,2,12,15.73,12.05,9.5,6.82,H,7,1.2,6.5,15,H
22/01/11,Aston Villa,Man City,average,good,12,2,12.0,12.26,6.23,7.13,A,-12,3.5,3.4,2.1,H
22/01/11,Blackpool,Sunderland,average,good,8,5,12.05,12.78,6.29,5.96,D,0,2.5,3.25,2.88,A
22/01/11,Everton,West Ham,average,average,8,13,13.95,11.39,7.77,5.22,H,4,1.5,4,7.5,D
22/01/11,Fulham,Stoke,average,good,11,5,11.59,11.55,5.95,5.82,D,0,2.2,3.2,3.5,H
22/01/11,Man United,Birmingham,good,average,2,11,13.52,8.95,7.71,4.38,H,8,1.2,6.5,15,H
22/01/11,Newcastle,Tottenham,good,average,7,5,11.09,14.55,6.14,8.36,D,1,3.5,3.4,2.1,D
22/01/11,Wolves,Liverpool,average,poor,13,9,9.77,12.68,5.82,7.05,H,4,3.4,3.2,2.25,A
23/01/11,Blackburn,West Brom,average,average,8,11,9.35,13.55,4.7,6.77,H,5,2.25,3.3,3.25,H
24/01/11,Bolton,Chelsea,poor,average,7,4,12.35,15.91,6.83,8.36,D,-3,6,3.75,1.62,A
25/01/11,Blackpool,Man United,average,good,10,1,12.09,13.95,6.32,7.77,A,-10,8,5,1.36,A
25/01/11,Wigan,Aston Villa,average,average,15,13,11.65,11.91,6.57,6.3,D,2,3.2,3.25,2.3,A
26/01/11,Liverpool,Fulham,average,good,9,12,12.78,11.52,7.17,6.0,A,-4,1.53,3.8,7,H
1/2/2011,Arsenal,Everton,good,good,2,11,16.04,13.83,9.74,7.7,H,11,1.4,4.5,8.5,H
1/2/2011,Man United,Aston Villa,good,good,1,10,14.09,11.88,8.0,6.46,H,11,1.33,5,9.5,H
1/2/2011,Sunderland,Chelsea,good,good,6,4,12.71,15.83,5.96,8.48,D,-3,5.5,3.6,1.67,A
1/2/2011,West Brom,Wigan,average,poor,13,15,14.0,11.96,7.35,6.63,A,-4,1.73,3.6,5,D
2/2/2011,Birmingham,Man City,average,average,13,3,8.82,12.75,4.23,7.42,A,-15,4.5,3.5,1.83,D
2/2/2011,Blackburn,Tottenham,good,average,8,5,9.67,14.52,5.0,8.39,A,-4,3.25,3.4,2.2,A
2/2/2011,Blackpool,West Ham,poor,poor,10,15,11.83,11.46,6.22,5.21,D,0,2.38,3.3,3,A
2/2/2011,Bolton,Wolves,poor,average,9,15,12.29,9.83,6.88,5.74,D,-1,1.83,3.5,4.5,H
2/2/2011,Fulham,Newcastle,average,good,13,10,11.54,11.17,6.08,6.13,D,3,2.1,3.3,3.6,H
2/2/2011,Liverpool,Stoke,good,average,8,10,12.71,11.43,7.17,5.61,D,1,1.62,3.75,6,H
5/2/2011,Aston Villa,Fulham,good,good,12,11,11.76,11.52,6.4,6.2,A,-5,1.91,3.4,4.2,D
5/2/2011,Everton,Blackpool,average,poor,13,12,13.42,11.88,7.54,6.29,D,3,1.44,4.5,7,H
5/2/2011,Man City,West Brom,average,average,3,13,12.72,14.29,7.48,7.46,H,12,1.4,4.5,8.5,H
5/2/2011,Newcastle,Arsenal,average,good,9,2,10.88,16.17,6.0,9.75,A,-7,5,4,1.67,D
5/2/2011,Stoke,Sunderland,average,average,10,6,11.21,12.36,5.42,5.84,A,-4,2.1,3.2,3.75,H
5/2/2011,Tottenham,Bolton,good,average,5,8,14.17,12.32,8.25,6.92,H,10,1.57,4,6,H
5/2/2011,Wigan,Blackburn,poor,average,14,8,11.92,9.96,6.64,5.16,A,-5,2.5,3.25,2.9,H
5/2/2011,Wolves,Man United,poor,good,14,1,9.88,14.25,5.71,8.13,A,-15,8.5,4.5,1.4,H
6/2/2011,Chelsea,Liverpool,good,good,4,6,16.04,12.72,8.71,7.24,H,5,1.62,4,5.5,A
6/2/2011,West Ham,Birmingham,average,average,13,13,11.48,9.04,5.4,4.35,D,3,2,3.5,3.75,A
12/2/2011,Arsenal,Wolves,good,average,2,14,16.04,9.72,9.76,5.68,H,15,1.22,6,15,H
12/2/2011,Birmingham,Stoke,average,average,12,7,9.04,11.48,4.29,5.56,A,-6,2.5,3.2,2.9,H
12/2/2011,Blackburn,Newcastle,average,average,8,8,9.92,11.08,5.15,6.08,A,-8,2.1,3.4,3.5,D
12/2/2011,Blackpool,Aston Villa,poor,average,11,10,11.84,11.69,6.32,6.35,A,-5,3.25,3.4,2.2,D
12/2/2011,Liverpool,Wigan,good,average,5,11,12.5,11.88,7.12,6.65,H,9,1.36,4.75,9,D
12/2/2011,Man United,Man City,good,average,1,3,14.24,12.73,8.08,7.54,H,4,1.73,3.6,5,H
12/2/2011,Sunderland,Tottenham,average,good,6,4,12.31,14.12,5.88,8.2,D,0,2.75,3.25,2.6,A
12/2/2011,West Brom,West Ham,poor,average,13,14,14.4,11.65,7.52,5.54,D,-3,1.91,3.6,4,D
13/02/11,Bolton,Everton,average,average,8,10,12.15,13.8,6.77,7.88,A,-7,2.75,3.25,2.6,H
14/02/11,Fulham,Chelsea,average,good,11,5,11.58,15.96,6.31,8.52,D,-1,5,3.6,1.73,D
15/02/11,Birmingham,Newcastle,good,average,12,10,9.08,11.12,4.28,6.08,A,-6,2.6,3.2,2.8,A
20/02/11,West Brom,Wolves,average,average,15,17,14.42,9.42,7.65,5.46,D,-2,1.85,3.4,4.5,D
22/02/11,Blackpool,Tottenham,poor,good,14,4,11.92,14.0,6.27,8.08,A,-9,4,3.6,1.91,H
23/02/11,Arsenal,Stoke,good,average,2,10,16.08,11.62,9.69,5.54,H,12,1.3,5.25,10,H
26/02/11,Aston Villa,Blackburn,average,poor,13,11,11.52,9.7,6.26,4.96,D,0,1.73,3.6,5,H
26/02/11,Everton,Sunderland,average,poor,13,7,13.62,12.44,7.73,6.04,D,2,1.73,3.6,5,H
26/02/11,Newcastle,Bolton,good,good,9,8,11.07,12.11,6.11,6.7,H,5,2.1,3.25,3.75,D
26/02/11,Wigan,Man United,good,good,14,1,11.74,14.12,6.48,8.0,A,-11,6.5,4,1.53,A
26/02/11,Wolves,Blackpool,average,average,15,10,9.3,11.78,5.33,6.19,D,-2,1.83,3.6,4.33,H
27/02/11,Man City,Fulham,average,good,3,11,12.74,11.59,7.56,6.37,D,0,1.5,4,7.5,D
27/02/11,West Ham,Liverpool,average,good,14,6,11.89,12.52,5.74,7.04,A,-14,3.4,3.3,2.2,H
28/02/11,Stoke,West Brom,average,average,9,12,11.44,14.59,5.48,7.78,D,1,1.91,3.4,4.2,D
1/3/2011,Chelsea,Man United,average,good,5,1,16.23,14.11,8.54,8.04,A,-6,2.2,3.2,3.6,H
5/3/2011,Arsenal,Sunderland,good,poor,2,7,15.81,12.43,9.48,6.07,H,15,1.44,4.33,7.5,D
5/3/2011,Birmingham,West Brom,good,average,13,14,9.15,14.64,4.31,7.89,D,0,2.38,3.2,3.1,A
5/3/2011,Bolton,Aston Villa,average,good,8,11,12.29,11.71,6.82,6.39,A,-7,2.25,3.4,3.2,H
5/3/2011,Fulham,Blackburn,average,poor,12,12,11.57,9.54,6.32,4.86,H,7,1.73,3.6,5,H
5/3/2011,Man City,Wigan,average,average,3,16,12.79,11.68,7.43,6.39,H,9,1.36,4.75,9,H
5/3/2011,Newcastle,Everton,good,good,9,12,11.14,13.74,6.11,7.78,D,0,2.6,3.2,2.8,A
5/3/2011,West Ham,Stoke,average,poor,15,11,12.07,11.25,5.93,5.39,H,5,2.25,3.3,3.25,H
6/3/2011,Liverpool,Man United,average,good,7,1,12.5,14.04,7.07,8.0,D,-1,2.8,3.2,2.6,H
6/3/2011,Wolves,Tottenham,average,good,16,5,9.5,14.41,5.54,8.15,D,-2,3,3.3,2.38,D
7/3/2011,Blackpool,Chelsea,average,average,12,4,11.43,16.26,6.0,8.63,A,-15,10,5.5,1.3,A
9/3/2011,Everton,Birmingham,good,average,9,15,13.71,9.15,7.79,4.3,H,9,1.53,4,6.5,D
19/03/11,Aston Villa,Wolves,average,good,13,16,11.66,9.62,6.38,5.48,D,-1,1.83,3.5,4.5,A
19/03/11,Blackburn,Blackpool,poor,average,14,14,9.62,11.52,5.0,5.97,H,4,1.8,3.6,4.5,D
19/03/11,Everton,Fulham,good,good,9,11,13.83,11.69,7.9,6.48,D,1,2,3.25,4,H
19/03/11,Man United,Bolton,average,good,1,7,13.97,12.38,7.97,6.9,H,4,1.36,4.75,9,H
19/03/11,Stoke,Newcastle,poor,average,11,9,11.1,11.1,5.38,6.17,A,-6,2.2,3.25,3.4,H
19/03/11,Tottenham,West Ham,average,good,5,14,14.43,12.17,8.21,6.07,A,-5,1.57,4,6,D
19/03/11,West Brom,Arsenal,good,good,13,2,14.45,15.75,7.79,9.39,A,-8,5,3.6,1.73,D
19/03/11,Wigan,Birmingham,poor,poor,15,14,11.69,9.0,6.34,4.25,D,-3,2.1,3.3,3.6,H
20/03/11,Chelsea,Man City,good,average,4,3,16.32,12.59,8.71,7.28,H,6,1.62,3.75,6,H
20/03/11,Sunderland,Liverpool,poor,average,8,6,12.21,12.66,5.97,7.17,A,-9,2.63,3.2,2.75,A
2/4/2011,Arsenal,Blackburn,good,poor,2,12,15.83,10.1,9.45,5.07,H,10,1.25,6,11,D
2/4/2011,Birmingham,Bolton,poor,average,15,7,8.93,12.33,4.24,6.87,A,-5,2.5,3.25,2.88,H
2/4/2011,Everton,Aston Villa,good,average,7,13,13.9,11.63,8.03,6.33,H,5,1.83,3.6,4.33,D
2/4/2011,Newcastle,Wolves,poor,good,11,15,11.2,9.57,6.27,5.47,A,-7,1.95,3.4,4,H
2/4/2011,Stoke,Chelsea,average,good,11,3,11.0,16.31,5.4,8.79,A,-6,5.5,3.6,1.67,D
2/4/2011,West Brom,Liverpool,good,good,13,6,14.1,12.57,7.63,7.07,A,-6,3,3.3,2.38,H
2/4/2011,West Ham,Man United,good,average,15,1,12.13,13.97,6.03,7.97,H,4,4.5,3.6,1.8,A
2/4/2011,Wigan,Tottenham,average,average,16,5,11.83,14.83,6.57,8.41,A,-4,3,3.25,2.4,D
3/4/2011,Fulham,Blackpool,average,poor,12,14,11.7,11.4,6.47,5.97,H,7,1.53,4.2,6,H
3/4/2011,Man City,Sunderland,average,poor,4,10,12.33,11.9,7.1,5.8,H,9,1.5,4,7,H
9/4/2011,Blackburn,Birmingham,average,average,12,12,10.0,8.93,4.97,4.3,D,-2,2,3.3,4,D
9/4/2011,Bolton,West Ham,average,average,8,15,12.55,11.94,7.03,5.9,D,-2,2.2,3.25,3.4,H
9/4/2011,Chelsea,Wigan,good,average,4,16,16.43,11.9,8.83,6.52,H,7,1.2,6,17,H
9/4/2011,Man United,Fulham,good,good,1,10,14.1,11.74,8.0,6.61,D,2,1.44,4.33,7.5,H
9/4/2011,Sunderland,West Brom,poor,good,10,11,11.77,14.19,5.74,7.84,A,-14,2.2,3.2,3.5,A
9/4/2011,Tottenham,Stoke,average,average,5,10,14.67,11.06,8.33,5.42,D,1,1.73,3.6,5,H
9/4/2011,Wolves,Everton,average,good,14,8,9.68,13.9,5.58,8.0,D,-2,2.6,3.25,2.8,A
10/4/2011,Aston Villa,Newcastle,poor,average,12,9,11.48,11.39,6.29,6.48,D,1,1.83,3.6,4.33,H
10/4/2011,Blackpool,Arsenal,poor,average,13,2,11.35,15.93,5.97,9.5,A,-10,8.5,5,1.36,A
11/4/2011,Liverpool,Man City,good,good,6,4,12.58,12.39,7.13,7.26,A,-4,2.6,3.2,2.8,H
16/04/11,Birmingham,Sunderland,average,poor,12,10,8.84,11.63,4.32,5.69,H,7,2.25,3.2,3.4,H
16/04/11,Blackpool,Wigan,poor,average,13,15,11.38,11.88,5.97,6.53,A,-4,2.3,3.5,3,A
16/04/11,Everton,Blackburn,good,average,7,12,13.75,10.16,7.94,4.97,H,11,1.67,3.75,5.5,H
16/04/11,West Brom,Chelsea,good,good,9,3,14.13,16.58,7.84,8.97,D,-2,5.5,3.6,1.7,A
16/04/11,West Ham,Aston Villa,poor,average,15,11,12.0,11.53,5.97,6.31,D,-2,2.25,3.3,3.25,A
17/04/11,Arsenal,Liverpool,good,good,2,6,15.94,12.66,9.42,7.13,D,1,1.73,3.6,5,D
19/04/11,Newcastle,Man United,average,good,10,1,11.22,14.16,6.41,8.13,A,-7,5.5,3.6,1.67,D
20/04/11,Chelsea,Birmingham,good,good,3,11,16.66,8.88,9.03,4.31,H,8,1.2,6.5,15,H
20/04/11,Tottenham,Arsenal,good,good,5,3,14.48,15.81,8.32,9.31,D,-3,2.88,3.4,2.4,D
23/04/11,Aston Villa,Stoke,good,average,8,10,11.82,11.03,6.45,5.41,H,4,1.8,3.6,4.5,D
23/04/11,Blackpool,Newcastle,poor,average,14,9,11.45,11.24,6.06,6.36,A,-10,2.88,3.5,2.38,D
23/04/11,Chelsea,West Ham,good,poor,2,13,16.67,12.0,8.97,6.0,H,10,1.2,6.5,15,H
23/04/11,Liverpool,Birmingham,average,average,6,11,12.55,8.79,7.06,4.27,H,4,1.44,4.33,7.5,H
23/04/11,Man United,Everton,good,good,1,7,14.27,13.85,8.12,7.91,A,-5,1.44,4.33,7.5,H
23/04/11,Sunderland,Wigan,poor,average,11,13,11.73,11.79,5.73,6.48,A,-9,2.1,3.25,3.75,H
23/04/11,Tottenham,West Brom,good,good,5,10,14.53,14.06,8.34,7.79,D,-3,1.57,4,6,D
23/04/11,Wolves,Fulham,average,average,15,12,9.72,11.75,5.63,6.56,D,-2,2.5,3.25,2.88,D
24/04/11,Bolton,Arsenal,average,good,8,3,12.88,15.73,7.19,9.3,D,2,4.5,3.8,1.75,H
25/04/11,Blackburn,Man City,average,average,13,4,9.97,12.41,4.88,7.16,A,-6,3.6,3.3,2.1,A
26/04/11,Stoke,Wolves,average,poor,11,15,10.82,9.79,5.33,5.55,D,1,1.8,3.4,5,H
27/04/11,Fulham,Bolton,average,good,12,8,11.85,12.82,6.52,7.27,D,-2,1.8,3.5,4.75,H
30/04/11,Blackburn,Bolton,poor,good,13,8,10.03,12.85,4.91,7.24,A,-4,1.91,3.5,4,H
30/04/11,Blackpool,Stoke,poor,average,13,9,11.65,11.0,6.09,5.41,A,-12,2.63,3.4,2.63,D
30/04/11,Chelsea,Tottenham,good,good,2,5,16.65,14.67,9.03,8.36,H,9,1.44,4.33,7.5,H
30/04/11,Sunderland,Fulham,average,average,11,10,11.71,12.03,5.76,6.53,A,-12,2.6,3.2,2.8,A
30/04/11,West Brom,Aston Villa,average,good,12,11,13.94,11.68,7.68,6.32,D,2,2.38,3.3,3,H
30/04/11,Wigan,Everton,average,good,14,7,11.76,13.59,6.5,7.76,A,-6,2.8,3.25,2.6,D
1/5/2011,Arsenal,Man United,average,good,3,1,15.76,14.47,9.24,8.24,D,-3,2.5,3.25,2.88,H
1/5/2011,Birmingham,Wolves,average,poor,12,14,8.82,9.65,4.32,5.41,D,3,2.1,3.3,3.6,D
1/5/2011,Liverpool,Newcastle,good,average,6,11,12.68,11.18,7.24,6.35,H,14,1.44,4.33,7.5,H
1/5/2011,Man City,West Ham,good,poor,4,15,12.33,12.0,7.09,6.03,H,8,1.4,4.5,9,H
7/5/2011,Aston Villa,Wigan,average,average,10,13,11.66,11.8,6.31,6.57,D,0,1.8,3.6,4.5,D
7/5/2011,Bolton,Sunderland,average,average,7,11,12.8,11.69,7.11,5.8,H,9,1.83,3.5,4.5,A
7/5/2011,Everton,Man City,average,good,6,4,13.29,12.53,7.63,7.24,D,2,2.7,3.2,2.7,H
7/5/2011,Newcastle,Birmingham,average,poor,12,13,11.06,8.8,6.26,4.23,D,-1,1.91,3.4,4.2,H
7/5/2011,Tottenham,Blackpool,average,average,5,15,14.59,11.63,8.32,6.09,H,7,1.3,5.5,10,D
7/5/2011,West Ham,Blackburn,poor,average,17,14,11.86,10.23,5.97,5.0,A,-8,1.95,3.6,3.8,D
8/5/2011,Man United,Chelsea,average,good,1,2,14.37,16.63,8.2,9.06,A,-4,2.38,3.25,3.1,H
8/5/2011,Stoke,Arsenal,good,average,11,3,10.94,15.57,5.43,9.03,H,4,5.5,3.75,1.67,H
8/5/2011,Wolves,West Brom,average,average,15,11,9.57,13.77,5.31,7.57,A,-9,2.1,3.4,3.5,H
9/5/2011,Fulham,Liverpool,good,good,9,6,11.94,12.57,6.51,7.17,A,-6,2.88,3.25,2.5,A
10/5/2011,Man City,Tottenham,good,average,4,6,12.51,14.74,7.23,8.4,D,1,1.91,3.4,4.2,H
14/05/11,Blackburn,Man United,average,good,13,1,10.17,14.33,4.97,8.19,A,-7,5,3.6,1.73,D
14/05/11,Blackpool,Bolton,average,poor,16,8,11.67,12.92,6.11,7.17,A,-5,2.2,3.4,3.25,H
14/05/11,Sunderland,Wolves,good,average,10,15,11.64,9.69,5.81,5.44,D,-1,2.5,3.25,2.88,A
14/05/11,West Brom,Everton,average,average,11,7,13.78,13.19,7.53,7.58,A,-6,2.63,3.25,2.75,H
15/05/11,Arsenal,Aston Villa,average,average,3,11,15.53,11.61,8.92,6.33,D,-1,1.36,5,8.5,A
15/05/11,Birmingham,Fulham,poor,good,12,9,8.69,11.89,4.17,6.53,A,-10,2.2,3.25,3.4,A
15/05/11,Chelsea,Newcastle,good,average,2,11,16.69,11.28,9.11,6.47,H,8,1.25,6,11,D
15/05/11,Liverpool,Tottenham,good,poor,5,6,12.67,14.72,7.28,8.36,H,14,1.73,3.8,4.75,A
15/05/11,Wigan,West Ham,average,poor,14,15,11.67,12.19,6.5,6.22,H,9,2.1,3.4,3.5,H
17/05/11,Man City,Stoke,good,good,4,9,12.36,10.97,7.14,5.47,D,0,1.36,4.75,9,H
22/05/11,Aston Villa,Liverpool,average,good,10,6,11.51,12.59,6.3,7.14,A,-10,3.2,3.4,2.25,H
22/05/11,Bolton,Man City,poor,good,9,3,13.03,12.46,7.22,7.19,A,-4,5,3.75,1.7,A
22/05/11,Everton,Chelsea,average,average,6,2,13.46,16.65,7.65,9.05,D,-3,3.1,3.25,2.38,H
22/05/11,Fulham,Arsenal,good,average,7,3,12.05,15.76,6.59,9.08,H,6,3.75,3.6,1.95,D
22/05/11,Man United,Blackpool,average,good,1,13,14.19,11.68,8.08,6.16,H,6,1.6,4,5.5,H
22/05/11,Newcastle,West Brom,average,good,10,9,11.32,13.78,6.54,7.57,D,-2,2,3.5,3.75,D
22/05/11,Stoke,Wigan,average,good,10,13,10.78,11.86,5.38,6.59,D,1,2.75,3.6,2.4,A
22/05/11,Tottenham,Birmingham,average,poor,4,14,14.54,8.65,8.24,4.11,H,8,1.53,4,6.5,H
22/05/11,West Ham,Sunderland,poor,average,15,11,12.22,11.7,6.32,5.89,A,-4,2,3.5,3.75,A
22/05/11,Wolves,Blackburn,good,good,12,12,9.7,10.05,5.46,4.89,D,0,2.2,3,3.75,A
